{"flutter":{"platforms":{"android":{"default":{"projectId":"loginsign-f793d","appId":"1:819416334405:android:5fcbb2ce926b9f8723632c","fileOutput":"android/app/google-services.json"}},"dart":{"lib/firebase_options.dart":{"projectId":"loginsign-f793d","configurations":{"android":"1:819416334405:android:5fcbb2ce926b9f8723632c","ios":"1:819416334405:ios:13f6d3674071457223632c","macos":"1:819416334405:ios:13f6d3674071457223632c","web":"1:819416334405:web:0a61a8595be3b93d23632c","windows":"1:819416334405:web:0aa4051b2f3a85a123632c"}}}}}}